ticker,exchange,volatility_1y,last_close,observations,lookback_period,as_of_date,avg_dollar_volume_63d,rank_within_exchange,global_rank
LIDRW,NASDAQ,4.578412148446761,0.006000000052154064,249,1y,2024-01-01,,1,1
APRE,NASDAQ,4.24385218507155,4.699999809265137,249,1y,2024-01-01,,2,2
BBLGW,NASDAQ,4.003962036490971,3.9200000762939453,249,1y,2024-01-01,,3,3
GDC,NASDAQ,3.6222145213672974,2.569999933242798,249,1y,2024-01-01,,4,4
BETR,NASDAQ,3.3039168330612934,40.849998474121094,249,1y,2024-01-01,,5,5
MDXH,NASDAQ,3.2855074450416404,3.940000057220459,249,1y,2024-01-01,,6,6
BGLC,NASDAQ,3.16224185937758,5.300000190734863,249,1y,2024-01-01,,7,7
CHSN,NASDAQ,2.923862900261088,97.5999984741211,189,1y,2024-01-01,,8,8
GDHG,NASDAQ,2.8931974631761266,13687.5,181,1y,2024-01-01,,9,9
UCAR,NASDAQ,2.879567476724327,18.350000381469727,175,1y,2024-01-01,,10,10
LUCYW,NASDAQ,2.8143223122453875,0.050999999046325684,249,1y,2024-01-01,,11,11
AVTX,NASDAQ,2.7596042981535964,9.100000381469727,249,1y,2024-01-01,,12,12
HKIT,NASDAQ,2.735884985115736,1.0499999523162842,188,1y,2024-01-01,,13,13
CXAI,NASDAQ,2.503202898822551,1.2899999618530273,249,1y,2024-01-01,,14,14
CENN,NASDAQ,2.4446680645333796,1.440000057220459,249,1y,2024-01-01,,15,15
HOLO,NASDAQ,2.401161373815162,2840.0,249,1y,2024-01-01,,16,16
FIEE,NASDAQ,2.35601170230815,1.9700000286102295,249,1y,2024-01-01,,17,17
LUNR,NASDAQ,2.31994356615502,2.555000066757202,249,1y,2024-01-01,,18,18
INBS,NASDAQ,2.295739113796711,40.560001373291016,249,1y,2024-01-01,,19,19
SMX,NASDAQ,2.290111676186813,2360868.25,249,1y,2024-01-01,,20,20
GFAI,NASDAQ,2.277722070601102,3.319999933242798,249,1y,2024-01-01,,21,21
CDIO,NASDAQ,2.270441114490402,74.69999694824219,249,1y,2024-01-01,,22,22
APLMW,NASDAQ,2.256255583314647,0.02500000037252903,189,1y,2024-01-01,,23,23
FEMY,NASDAQ,2.246176735396336,0.9750000238418579,249,1y,2024-01-01,,24,24
GCTK,NASDAQ,2.233177381483785,1572.0,249,1y,2024-01-01,,25,25
CNTN,NASDAQ,2.215145258573871,7.635000228881836,249,1y,2024-01-01,,26,26
HUBC,NASDAQ,2.21205629624971,325.5,249,1y,2024-01-01,,27,27
IINNW,NASDAQ,2.1854552613436082,0.17000000178813934,249,1y,2024-01-01,,28,28
ACRS,NASDAQ,2.1843797734029926,1.0499999523162842,249,1y,2024-01-01,,29,29
EZGO,NASDAQ,2.1566533309423335,115.0,249,1y,2024-01-01,,30,30
ADTX,NASDAQ,2.1445712509058086,59935200.0,249,1y,2024-01-01,,31,31
KRRO,NASDAQ,2.096018735408071,47.93000030517578,249,1y,2024-01-01,,32,32
IVF,NASDAQ,2.08906507055771,1944.0,249,1y,2024-01-01,,33,33
BAOS,NASDAQ,2.084974061014429,3.609999895095825,249,1y,2024-01-01,,34,34
BANL,NASDAQ,2.0748924616732123,1.4700000286102295,194,1y,2024-01-01,,35,35
ZURA,NASDAQ,2.0587715976784047,4.670000076293945,196,1y,2024-01-01,,36,36
KYNB,NASDAQ,2.029953927168354,22.149999618530273,249,1y,2024-01-01,,37,37
ENLT,NASDAQ,2.022564543242812,19.139999389648438,249,1y,2024-01-01,,38,38
HURA,NASDAQ,2.003348876363503,5.949999809265137,249,1y,2024-01-01,,39,39
SFWL,NASDAQ,1.9597525439770735,2.940000057220459,188,1y,2024-01-01,,40,40
HUDI,NASDAQ,1.9355226865572415,3.0399999618530273,249,1y,2024-01-01,,41,41
ATRA,NASDAQ,1.9332462159268577,12.824999809265137,249,1y,2024-01-01,,42,42
HSCS,NASDAQ,1.924925449600053,17.100000381469727,249,1y,2024-01-01,,43,43
ESLA,NASDAQ,1.9141468368997876,1.1100000143051147,249,1y,2024-01-01,,44,44
MEGL,NASDAQ,1.9067846333985388,1.184000015258789,249,1y,2024-01-01,,45,45
HIND,NASDAQ,1.8725945361340197,1450.0,249,1y,2024-01-01,,46,46
CNSP,NASDAQ,1.8665044211490354,38100.0,249,1y,2024-01-01,,47,47
CAPT,NASDAQ,1.8593948704563212,3.7200000286102295,249,1y,2024-01-01,,48,48
BDRX,NASDAQ,1.8558567399461912,670.0,249,1y,2024-01-01,,49,49
FFAI,NASDAQ,1.8477871639129195,27.719999313354492,249,1y,2024-01-01,,50,50
IDAI,NASDAQ,1.812560603249868,1.3700000047683716,249,1y,2024-01-01,,51,51
APLM,NASDAQ,1.787879090825454,96.5,249,1y,2024-01-01,,52,52
ASST,NASDAQ,1.7623559770435717,63.900001525878906,227,1y,2024-01-01,,53,53
ATLN,NASDAQ,1.755262790748075,4.130000114440918,249,1y,2024-01-01,,54,54
DCX,NASDAQ,1.7477609653374782,25272.0,249,1y,2024-01-01,,55,55
AIFF,NASDAQ,1.744619609419235,5.070000171661377,249,1y,2024-01-01,,56,56
CMND,NASDAQ,1.7431934252529826,112.4000015258789,249,1y,2024-01-01,,57,57
SIDU,NASDAQ,1.709311944295124,8.8100004196167,249,1y,2024-01-01,,58,58
XTIA,NASDAQ,1.7029251686919102,1400.0,249,1y,2024-01-01,,59,59
CNEY,NASDAQ,1.6975141114472656,50.25,249,1y,2024-01-01,,60,60
GRRR,NASDAQ,1.6615028198823603,5.389999866485596,249,1y,2024-01-01,,61,61
INAB,NASDAQ,1.657849101672417,41.400001525878906,249,1y,2024-01-01,,62,62
LAES,NASDAQ,1.6524743742463799,1.2799999713897705,152,1y,2024-01-01,,63,63
AUUD,NASDAQ,1.650510867890087,106.25,249,1y,2024-01-01,,64,64
BULLW,NASDAQ,1.6432193793517949,0.07000000029802322,249,1y,2024-01-01,,65,65
DVLT,NASDAQ,1.6369982927195763,18.0,249,1y,2024-01-01,,66,66
GRI,NASDAQ,1.6363684312298399,16676.66015625,249,1y,2024-01-01,,67,67
ICU,NASDAQ,1.6320845466585663,110.75,249,1y,2024-01-01,,68,68
GSIT,NASDAQ,1.6148280543038058,2.640000104904175,249,1y,2024-01-01,,69,69
ACON,NASDAQ,1.611333713587765,28944.0,249,1y,2024-01-01,,70,70
CING,NASDAQ,1.6071991714324179,91.80000305175781,249,1y,2024-01-01,,71,71
IBIO,NASDAQ,1.6010189300318174,1.3700000047683716,249,1y,2024-01-01,,72,72
CDT,NASDAQ,1.5965166138588545,1365000.0,249,1y,2024-01-01,,73,73
LUCY,NASDAQ,1.5959113964470244,8.4399995803833,249,1y,2024-01-01,,74,74
ANGH,NASDAQ,1.5936798692064633,10.399999618530273,249,1y,2024-01-01,,75,75
EMPD,NASDAQ,1.5752646427639216,28512.0,249,1y,2024-01-01,,76,76
ALLR,NASDAQ,1.5549260891894494,330.6000061035156,249,1y,2024-01-01,,77,77
ASNS,NASDAQ,1.5538616902309346,11.199999809265137,249,1y,2024-01-01,,78,78
GXAI,NASDAQ,1.5506152857265718,4.079999923706055,219,1y,2024-01-01,,79,79
DMRA,NASDAQ,1.5506059218959962,18.0,249,1y,2024-01-01,,80,80
IPDN,NASDAQ,1.5473733756446775,20.299999237060547,249,1y,2024-01-01,,81,81
EYPT,NASDAQ,1.5453646591825565,23.110000610351562,249,1y,2024-01-01,,82,82
AEC,NASDAQ,1.5404170507166088,4.5,249,1y,2024-01-01,,83,83
BTAI,NASDAQ,1.5370787266893984,47.20000076293945,249,1y,2024-01-01,,84,84
DTCX,NASDAQ,1.5363543017123815,6.0,249,1y,2024-01-01,,85,85
BAER,NASDAQ,1.5340536924421604,6.909999847412109,249,1y,2024-01-01,,86,86
AMST,NASDAQ,1.5285108408690045,2.25,249,1y,2024-01-01,,87,87
BJDX,NASDAQ,1.5232401499909862,1952.0,249,1y,2024-01-01,,88,88
FRGT,NASDAQ,1.5151728184043916,1680.0,249,1y,2024-01-01,,89,89
HLP,NASDAQ,1.514622464717903,1.6799999475479126,190,1y,2024-01-01,,90,90
BBLG,NASDAQ,1.514160436975178,27.1200008392334,249,1y,2024-01-01,,91,91
DUO,NASDAQ,1.5103886012365486,10.767999649047852,249,1y,2024-01-01,,92,92
AVX,NASDAQ,1.5076677301224841,423.0,249,1y,2024-01-01,,93,93
ACIC,NASDAQ,1.5075676591761473,8.56769847869873,249,1y,2024-01-01,,94,94
ALOY,NASDAQ,1.503938632191778,2.819999933242798,249,1y,2024-01-01,,95,95
IFBD,NASDAQ,1.5013294425099504,10.479999542236328,249,1y,2024-01-01,,96,96
GREE,NASDAQ,1.500081245389673,6.710000038146973,249,1y,2024-01-01,,97,97
IBRX,NASDAQ,1.4999702503071997,5.019999980926514,249,1y,2024-01-01,,98,98
CDLX,NASDAQ,1.4982779294971498,9.210000038146973,249,1y,2024-01-01,,99,99
KLRS,NASDAQ,1.4928979505671962,15.640000343322754,249,1y,2024-01-01,,100,100
JZXN,NASDAQ,1.490739099183107,452.3999938964844,249,1y,2024-01-01,,101,101
GSUN,NASDAQ,1.4872704470354936,5.909999847412109,249,1y,2024-01-01,,102,102
BZFD,NASDAQ,1.4864192568268693,1.0,249,1y,2024-01-01,,103,103
BMR,NASDAQ,1.484672828971354,1.4500000476837158,211,1y,2024-01-01,,104,104
CHAI,NASDAQ,1.4840136095129954,3031.199951171875,249,1y,2024-01-01,,105,105
SCLX,NASDAQ,1.4825848044077312,71.4000015258789,249,1y,2024-01-01,,106,106
LXEH,NASDAQ,1.481881461142363,22.0,249,1y,2024-01-01,,107,107
NXTS,NASDAQ,1.480570025794311,70.0,249,1y,2024-01-01,,108,108
EUDA,NASDAQ,1.4794286007836834,28.600000381469727,249,1y,2024-01-01,,109,109
ARBB,NASDAQ,1.4782272298860333,38.25,185,1y,2024-01-01,,110,110
BDTX,NASDAQ,1.4758740970136042,2.809999942779541,249,1y,2024-01-01,,111,111
KXIN,NASDAQ,1.474692376574816,23760.0,249,1y,2024-01-01,,112,112
IMA,NASDAQ,1.4714336346436043,23.639999389648438,249,1y,2024-01-01,,113,113
CISS,NASDAQ,1.471369743893979,15900.0,137,1y,2024-01-01,,114,114
CBUS,NASDAQ,1.4685416534679232,19.639999389648438,249,1y,2024-01-01,,115,115
DWTX,NASDAQ,1.4597963429478829,14.375,249,1y,2024-01-01,,116,116
LFCR,NASDAQ,1.4549394202544204,6.190000057220459,249,1y,2024-01-01,,117,117
CGC,NASDAQ,1.450526159456359,5.110000133514404,249,1y,2024-01-01,,118,118
ASTI,NASDAQ,1.4419264611347595,87.0,249,1y,2024-01-01,,119,119
JWEL,NASDAQ,1.439407147097352,2.140000104904175,249,1y,2024-01-01,,120,120
LIXT,NASDAQ,1.4371380727963627,2.3499999046325684,249,1y,2024-01-01,,121,121
HERE,NASDAQ,1.4362944714048396,1.466678500175476,234,1y,2024-01-01,,122,122
JYD,NASDAQ,1.4349107010485134,55.5,174,1y,2024-01-01,,123,123
EDBL,NASDAQ,1.434675920746563,2515.0,249,1y,2024-01-01,,124,124
BCDA,NASDAQ,1.4284726364310194,9.899999618530273,249,1y,2024-01-01,,125,125
MBOT,NASDAQ,1.4212426120422925,1.6399999856948853,249,1y,2024-01-01,,126,127
ABVC,NASDAQ,1.4212333266463772,1.159999966621399,249,1y,2024-01-01,,127,128
JTAI,NASDAQ,1.4193361998168927,324.0,249,1y,2024-01-01,,128,129
BFRG,NASDAQ,1.4192912700901992,3.259999990463257,221,1y,2024-01-01,,129,130
EEIQ,NASDAQ,1.4190016877143639,31.200000762939453,249,1y,2024-01-01,,130,131
DBGI,NASDAQ,1.414383073739769,163.5,249,1y,2024-01-01,,131,132
ATLX,NASDAQ,1.4045934882381643,31.280000686645508,249,1y,2024-01-01,,132,133
ALDX,NASDAQ,1.401403029980474,3.509999990463257,249,1y,2024-01-01,,133,134
GV,NASDAQ,1.3994041567917015,3.1500000953674316,249,1y,2024-01-01,,134,135
CCCC,NASDAQ,1.3929629961461758,5.650000095367432,249,1y,2024-01-01,,135,138
INTS,NASDAQ,1.3921218996444484,214.25,126,1y,2024-01-01,,136,139
JAGX,NASDAQ,1.3892339534548848,226.5,249,1y,2024-01-01,,137,140
FTCI,NASDAQ,1.386477230004346,6.929999828338623,249,1y,2024-01-01,,138,141
AKAN,NASDAQ,1.3801479812608861,550.0,249,1y,2024-01-01,,139,142
ARBK,NASDAQ,1.3758845303875853,807.8400268554688,249,1y,2024-01-01,,140,143
DTSS,NASDAQ,1.3742407011719329,3.5250000953674316,249,1y,2024-01-01,,141,144
CCLDO,NASDAQ,1.3739184189090021,5.720839023590088,249,1y,2024-01-01,,142,145
CISO,NASDAQ,1.3685506239019476,1.5299999713897705,249,1y,2024-01-01,,143,146
BIVI,NASDAQ,1.3659895028523414,126.0,249,1y,2024-01-01,,144,147
DSGN,NASDAQ,1.3650957052178214,2.6500000953674316,249,1y,2024-01-01,,145,148
BLNE,NASDAQ,1.362453312826215,12.899999618530273,249,1y,2024-01-01,,146,149
ENVB,NASDAQ,1.3547026331560479,3510.0,249,1y,2024-01-01,,147,150
FNGR,NASDAQ,1.3523632683065447,4.019999980926514,249,1y,2024-01-01,,148,151
AENT,NASDAQ,1.3501185869450067,0.9279999732971191,249,1y,2024-01-01,,149,152
KSCP,NASDAQ,1.3497983575968215,30.0,249,1y,2024-01-01,,150,153
ELUT,NASDAQ,1.3488252459842263,2.1600000858306885,249,1y,2024-01-01,,151,154
CIIT,NASDAQ,1.3377222525292276,5.796000003814697,249,1y,2024-01-01,,152,155
LGHL,NASDAQ,1.3363638347056035,877.5,249,1y,2024-01-01,,153,156
JFBR,NASDAQ,1.3345952346606982,725.9000244140625,249,1y,2024-01-01,,154,157
ARQQ,NASDAQ,1.3332604103358925,11.850000381469727,249,1y,2024-01-01,,155,158
EVGOW,NASDAQ,1.332236248913562,0.2840000092983246,249,1y,2024-01-01,,156,159
GRDX,NASDAQ,1.3255067284207427,12.600000381469727,249,1y,2024-01-01,,157,160
JCSE,NASDAQ,1.3237145410308688,0.5201807618141174,249,1y,2024-01-01,,158,161
LIDR,NASDAQ,1.3207603308550937,2.2899999618530273,249,1y,2024-01-01,,159,162
GNLX,NASDAQ,1.3185446662855234,14.010000228881836,233,1y,2024-01-01,,160,163
HCTI,NASDAQ,1.3181425120541168,41010.30078125,249,1y,2024-01-01,,161,164
BNKK,NASDAQ,1.317242979026025,122.8499984741211,249,1y,2024-01-01,,162,165
JXG,NASDAQ,1.3167292519300942,19.950000762939453,249,1y,2024-01-01,,163,166
CRBP,NASDAQ,1.3162632035923332,6.039999961853027,249,1y,2024-01-01,,164,167
ADIL,NASDAQ,1.3100082935088377,46.5,249,1y,2024-01-01,,165,168
AAOI,NASDAQ,1.2984873198535034,19.31999969482422,249,1y,2024-01-01,,166,169
CYN,NASDAQ,1.2965053605607388,2175.0,249,1y,2024-01-01,,167,170
EOSE,NASDAQ,1.2963129373154132,1.090000033378601,249,1y,2024-01-01,,168,171
CELZ,NASDAQ,1.2958892318541646,4.610000133514404,249,1y,2024-01-01,,169,172
BTDR,NASDAQ,1.294626098608213,9.859999656677246,249,1y,2024-01-01,,170,173
ECX,NASDAQ,1.2856599917279956,3.1600000858306885,249,1y,2024-01-01,,171,174
AHG,NASDAQ,1.2842188996723312,0.7400000095367432,249,1y,2024-01-01,,172,175
ENGN,NASDAQ,1.2836032047158286,9.229999542236328,249,1y,2024-01-01,,173,176
GYRE,NASDAQ,1.280729319327216,25.690000534057617,249,1y,2024-01-01,,174,177
CD,NASDAQ,1.2795416842460055,2.5999999046325684,249,1y,2024-01-01,,175,178
CIFR,NASDAQ,1.2794792767355458,4.130000114440918,249,1y,2024-01-01,,176,179
IPW,NASDAQ,1.2760160256795774,13.5,249,1y,2024-01-01,,177,180
ANNX,NASDAQ,1.272220399203599,4.539999961853027,249,1y,2024-01-01,,178,181
CGEN,NASDAQ,1.2713580853935984,1.9800000190734863,249,1y,2024-01-01,,179,182
HTCR,NASDAQ,1.2687177501037246,0.5163741707801819,249,1y,2024-01-01,,180,183
ANY,NASDAQ,1.2686909236970347,33.20000076293945,249,1y,2024-01-01,,181,184
FBIO,NASDAQ,1.2624985180651063,3.009999990463257,249,1y,2024-01-01,,182,185
CBIO,NASDAQ,1.2613140670687766,236.0,249,1y,2024-01-01,,183,186
DFLI,NASDAQ,1.2612487733789899,48.779998779296875,249,1y,2024-01-01,,184,187
CLLS,NASDAQ,1.2609613968751823,3.0799999237060547,249,1y,2024-01-01,,185,188
FATE,NASDAQ,1.2605076618634403,3.740000009536743,249,1y,2024-01-01,,186,189
AGPU,NASDAQ,1.2588516179248468,49.349998474121094,249,1y,2024-01-01,,187,190
FULC,NASDAQ,1.2577355502646341,6.75,249,1y,2024-01-01,,188,191
LNAI,NASDAQ,1.2556091179341957,31.700000762939453,249,1y,2024-01-01,,189,192
IREN,NASDAQ,1.255579393021742,7.150000095367432,249,1y,2024-01-01,,190,193
DRMA,NASDAQ,1.2516827053027615,91.5,249,1y,2024-01-01,,191,194
AREB,NASDAQ,1.2515870712158035,2790000.0,249,1y,2024-01-01,,192,195
LPSN,NASDAQ,1.25075181330475,56.849998474121094,249,1y,2024-01-01,,193,196
INTZ,NASDAQ,1.2467360447595526,5.0,249,1y,2024-01-01,,194,197
ALMU,NASDAQ,1.2431046371267933,2.9000000953674316,211,1y,2024-01-01,,195,198
IXHL,NASDAQ,1.2422892410267676,139.1999969482422,249,1y,2024-01-01,,196,199
ATHE,NASDAQ,1.240914127626006,2.490000009536743,249,1y,2024-01-01,,197,200
BTOG,NASDAQ,1.23426171362894,249.0,249,1y,2024-01-01,,198,201
DRCT,NASDAQ,1.2295110528193927,818.4000244140625,249,1y,2024-01-01,,199,202
ALTO,NASDAQ,1.2261528340762746,2.6600000858306885,249,1y,2024-01-01,,200,203
IZM,NASDAQ,1.2243995904939822,10.430000305175781,200,1y,2024-01-01,,201,204
LASE,NASDAQ,1.2186982699173672,1.1799999475479126,249,1y,2024-01-01,,202,205
BNTC,NASDAQ,1.2168639117718174,3.2300000190734863,249,1y,2024-01-01,,203,206
MDAI,NASDAQ,1.2130613050703272,2.4600000381469727,249,1y,2024-01-01,,204,207
KPRX,NASDAQ,1.2101242532861196,4.697999954223633,249,1y,2024-01-01,,205,208
BTCT,NASDAQ,1.209970828555366,4.820000171661377,249,1y,2024-01-01,,206,209
APM,NASDAQ,1.2095541728608954,2.4489998817443848,249,1y,2024-01-01,,207,210
CNTB,NASDAQ,1.2023080471665462,1.1799999475479126,249,1y,2024-01-01,,208,211
LICN,NASDAQ,1.2014824792774723,1.9800000190734863,226,1y,2024-01-01,,209,212
ABTC,NASDAQ,1.2010434834833277,43.5,249,1y,2024-01-01,,210,213
EZRA,NASDAQ,1.1958140827827275,8.855130195617676,249,1y,2024-01-01,,211,214
ALTI,NASDAQ,1.1944607988980973,8.760000228881836,249,1y,2024-01-01,,212,215
INM,NASDAQ,1.1929335650771626,8.319999694824219,249,1y,2024-01-01,,213,216
CVRX,NASDAQ,1.191796543701241,31.440000534057617,249,1y,2024-01-01,,214,217
AIMD,NASDAQ,1.1916324019513067,10.25,249,1y,2024-01-01,,215,218
DERM,NASDAQ,1.1915285597136749,5.760000228881836,249,1y,2024-01-01,,216,219
MBAI,NASDAQ,1.1884615375956813,2.0799999237060547,249,1y,2024-01-01,,217,220
COSM,NASDAQ,1.1879266324493947,1.409999966621399,249,1y,2024-01-01,,218,221
EDSA,NASDAQ,1.1873589033820704,4.570000171661377,249,1y,2024-01-01,,219,222
AUID,NASDAQ,1.1842797733781218,9.460000038146973,249,1y,2024-01-01,,220,223
CYPH,NASDAQ,1.1827856357246846,4.144999980926514,249,1y,2024-01-01,,221,224
AIXI,NASDAQ,1.182577778369696,20.43000030517578,204,1y,2024-01-01,,222,225
MARA,NASDAQ,1.181902357433931,23.489999771118164,249,1y,2024-01-01,,223,226
COCH,NASDAQ,1.1818663550105102,1.8109999895095825,249,1y,2024-01-01,,224,227
APLD,NASDAQ,1.1813655709198427,6.739999771118164,249,1y,2024-01-01,,225,228
BMEA,NASDAQ,1.177897912767603,14.520000457763672,249,1y,2024-01-01,,226,229
ALT,NASDAQ,1.177842066376867,11.25,249,1y,2024-01-01,,227,230
KALA,NASDAQ,1.1749770980706742,7.0,249,1y,2024-01-01,,228,231
ESPR,NASDAQ,1.1730881862172167,2.990000009536743,249,1y,2024-01-01,,229,232
BTCS,NASDAQ,1.1720924004116149,1.611968994140625,249,1y,2024-01-01,,230,233
ELTX,NASDAQ,1.1706434997193327,8.34000015258789,249,1y,2024-01-01,,231,234
ABTS,NASDAQ,1.1677994474809408,1.1399999856948853,249,1y,2024-01-01,,232,235
BRFH,NASDAQ,1.1618980502322882,1.590000033378601,249,1y,2024-01-01,,233,236
BNRG,NASDAQ,1.154615139575892,204.75,249,1y,2024-01-01,,234,237
HRTX,NASDAQ,1.15114488337694,1.7000000476837158,249,1y,2024-01-01,,235,238
CAPS,NASDAQ,1.1492726479143036,5.199999809265137,249,1y,2024-01-01,,236,239
KOD,NASDAQ,1.1456229024494726,3.0399999618530273,249,1y,2024-01-01,,237,240
ALTS,NASDAQ,1.143965806613065,0.5600000023841858,249,1y,2024-01-01,,238,241
ACET,NASDAQ,1.143142413470926,30.239999771118164,249,1y,2024-01-01,,239,242
IVVD,NASDAQ,1.1412977757070257,3.940000057220459,249,1y,2024-01-01,,240,243
INSG,NASDAQ,1.139653130865401,2.200000047683716,249,1y,2024-01-01,,241,244
IMMX,NASDAQ,1.137739191737074,6.920000076293945,249,1y,2024-01-01,,242,245
BCAB,NASDAQ,1.1365489193706544,2.4600000381469727,249,1y,2024-01-01,,243,246
HOWL,NASDAQ,1.13595147440204,3.859999895095825,249,1y,2024-01-01,,244,247
GDEV,NASDAQ,1.1355468407481049,18.29005241394043,249,1y,2024-01-01,,245,248
CYCN,NASDAQ,1.1346016241243635,3.3499999046325684,249,1y,2024-01-01,,246,249
ELBM,NASDAQ,1.134269383310668,1.4600000381469727,249,1y,2024-01-01,,247,250
HTOO,NASDAQ,1.1281510831662107,39.20000076293945,249,1y,2024-01-01,,248,251
AERT,NASDAQ,1.1279806727333586,2.5,249,1y,2024-01-01,,249,252
FRMM,NASDAQ,1.12696236180119,40.65999984741211,249,1y,2024-01-01,,250,253
ENSC,NASDAQ,1.1260108081009466,15.899999618530273,249,1y,2024-01-01,,251,254
DGXX,NASDAQ,1.123890459634674,2.2899999618530273,249,1y,2024-01-01,,252,255
EBON,NASDAQ,1.1179000730811153,15.300000190734863,249,1y,2024-01-01,,253,256
GRABW,NASDAQ,1.1163796621581452,0.22499999403953552,249,1y,2024-01-01,,254,257
ASPI,NASDAQ,1.1163081533927555,1.7899999618530273,249,1y,2024-01-01,,255,258
ALBT,NASDAQ,1.115447678655682,7.244999885559082,249,1y,2024-01-01,,256,259
CALC,NASDAQ,1.1147612490722734,2.859999895095825,137,1y,2024-01-01,,257,260
BKYI,NASDAQ,1.1129035298664482,3.0,249,1y,2024-01-01,,258,261
GRPN,NASDAQ,1.1101618330925418,12.84000015258789,249,1y,2024-01-01,,259,262
MESO,NASDAQ,1.1084146200155451,2.200000047683716,249,1y,2024-01-01,,260,263
EJH,NASDAQ,1.1081930667578745,250000.0,249,1y,2024-01-01,,261,264
LMFA,NASDAQ,1.1067208956373564,3.7019999027252197,249,1y,2024-01-01,,262,265
CETX,NASDAQ,1.1040013314282504,157815.0,249,1y,2024-01-01,,263,266
BGM,NASDAQ,1.103760572822494,3.8550000190734863,249,1y,2024-01-01,,264,267
IFRX,NASDAQ,1.1010393506515024,1.6299999952316284,249,1y,2024-01-01,,265,268
TVRD,NASDAQ,1.1008845626822465,26.74799919128418,249,1y,2024-01-01,,266,269
CNTX,NASDAQ,1.1008618915027077,1.1299999952316284,249,1y,2024-01-01,,267,270
DFNS,NASDAQ,1.0987426515210714,22.92799949645996,249,1y,2024-01-01,,268,271
FEED,NASDAQ,1.097750413398077,126.5,249,1y,2024-01-01,,269,272
ICCM,NASDAQ,1.096280919270276,1.0700000524520874,249,1y,2024-01-01,,270,273
BWEN,NASDAQ,1.0961240575637854,2.7699999809265137,249,1y,2024-01-01,,271,274
BGMS,NASDAQ,1.095474139589367,309.3516845703125,249,1y,2024-01-01,,272,275
AKBA,NASDAQ,1.09400946787171,1.2400000095367432,249,1y,2024-01-01,,273,276
HUT,NASDAQ,1.0906402731948726,13.34000015258789,249,1y,2024-01-01,,274,277
BRNS,NASDAQ,1.0891562437630622,3.690000057220459,249,1y,2024-01-01,,275,278
BITF,NASDAQ,1.0891074956325177,2.9100000858306885,249,1y,2024-01-01,,276,279
IVDA,NASDAQ,1.085209172083853,5.039999961853027,249,1y,2024-01-01,,277,280
IQST,NASDAQ,1.0848986893923742,11.799409866333008,249,1y,2024-01-01,,278,281
CELU,NASDAQ,1.0759453404556492,2.4700000286102295,249,1y,2024-01-01,,279,282
GREEL,NASDAQ,1.0740789397312498,6.654073238372803,249,1y,2024-01-01,,280,283
BODI,NASDAQ,1.0733714207644691,8.289999961853027,249,1y,2024-01-01,,281,284
CRVS,NASDAQ,1.0719641216905087,1.7599999904632568,249,1y,2024-01-01,,282,285
HYFM,NASDAQ,1.0717025443987471,9.180000305175781,249,1y,2024-01-01,,283,286
CRGO,NASDAQ,1.0702402426451652,3.3299999237060547,249,1y,2024-01-01,,284,287
ASRT,NASDAQ,1.0699519366309178,16.049999237060547,249,1y,2024-01-01,,285,288
INKT,NASDAQ,1.0695824302183734,10.699999809265137,249,1y,2024-01-01,,286,289
BIAF,NASDAQ,1.0694368467956785,44.130001068115234,249,1y,2024-01-01,,287,290
INOD,NASDAQ,1.0663096469124598,8.140000343322754,249,1y,2024-01-01,,288,292
ADXN,NASDAQ,1.0635400525569907,6.050000190734863,249,1y,2024-01-01,,289,293
BVS,NASDAQ,1.0625658788744303,5.269999980926514,249,1y,2024-01-01,,290,294
CADL,NASDAQ,1.062523256342136,1.4700000286102295,249,1y,2024-01-01,,291,295
GOSS,NASDAQ,1.060683722537369,0.9129999876022339,249,1y,2024-01-01,,292,296
IPX,NASDAQ,1.0593128852694897,9.260000228881836,249,1y,2024-01-01,,293,297
CHRS,NASDAQ,1.0582527706308362,3.3299999237060547,249,1y,2024-01-01,,294,298
AQB,NASDAQ,1.055488972903761,2.8499999046325684,249,1y,2024-01-01,,295,299
GLMD,NASDAQ,1.0553696945854103,5.460000038146973,249,1y,2024-01-01,,296,300
CETY,NASDAQ,1.0543263656423976,22.5,238,1y,2024-01-01,,297,301
BENF,NASDAQ,1.0542983282584544,311.0400085449219,249,1y,2024-01-01,,298,302
IMDX,NASDAQ,1.0531633303040417,2.5,249,1y,2024-01-01,,299,303
EVAX,NASDAQ,1.0513989812146387,34.29999923706055,249,1y,2024-01-01,,300,304
BIRD,NASDAQ,1.0496964354435174,24.5,249,1y,2024-01-01,,301,305
AMBR,NASDAQ,1.0493192385974863,3.8299999237060547,249,1y,2024-01-01,,302,306
ATXG,NASDAQ,1.046890615494838,21.599998474121094,249,1y,2024-01-01,,303,307
IMPP,NASDAQ,1.0457602691552417,2.640000104904175,249,1y,2024-01-01,,304,308
EVTV,NASDAQ,1.0443215254670375,13.600000381469727,249,1y,2024-01-01,,305,309
MCRB,NASDAQ,1.0438728767369152,28.0,249,1y,2024-01-01,,306,310
CLSK,NASDAQ,1.0435164809270256,11.029999732971191,249,1y,2024-01-01,,307,311
APEI,NASDAQ,1.040698176248268,9.649999618530273,249,1y,2024-01-01,,308,312
APYX,NASDAQ,1.0406433418050793,2.619999885559082,249,1y,2024-01-01,,309,313
BTBT,NASDAQ,1.0400833503851683,4.230000019073486,249,1y,2024-01-01,,310,314
HOTH,NASDAQ,1.0399410698059357,1.440000057220459,249,1y,2024-01-01,,311,315
GAME,NASDAQ,1.0386613828604514,1.809999942779541,249,1y,2024-01-01,,312,316
AMTX,NASDAQ,1.0386131474761195,5.239999771118164,249,1y,2024-01-01,,313,317
ACXP,NASDAQ,1.0352054462622995,76.5999984741211,249,1y,2024-01-01,,314,318
MAAS,NASDAQ,1.0274831366340769,370.20001220703125,249,1y,2024-01-01,,315,319
IMCC,NASDAQ,1.0273727469872957,2.1419999599456787,249,1y,2024-01-01,,316,320
GPCR,NASDAQ,1.0250388241003752,40.7599983215332,227,1y,2024-01-01,,317,321
CVKD,NASDAQ,1.0209721193785362,11.100000381469727,237,1y,2024-01-01,,318,323
BON,NASDAQ,1.0194566127500706,135.0,249,1y,2024-01-01,,319,324
GGRP,NASDAQ,1.0193515477427104,1.1299999952316284,249,1y,2024-01-01,,320,325
ACFN,NASDAQ,1.0169072198815579,6.090000152587891,249,1y,2024-01-01,,321,326
IKT,NASDAQ,1.0162908834369093,1.2699999809265137,249,1y,2024-01-01,,322,327
ABOS,NASDAQ,1.0158437208712974,3.8399999141693115,249,1y,2024-01-01,,323,328
MDIA,NASDAQ,1.0147943391383896,0.4300000071525574,249,1y,2024-01-01,,324,329
AZ,NASDAQ,1.012807337618228,3.424999952316284,249,1y,2024-01-01,,325,330
APVO,NASDAQ,1.0118838196840856,106080.4765625,249,1y,2024-01-01,,326,331
IMRX,NASDAQ,1.0113999913838878,7.349999904632568,249,1y,2024-01-01,,327,332
LNZA,NASDAQ,1.0059825496982246,503.0,249,1y,2024-01-01,,328,333
QSI,NASDAQ,1.005970942012482,2.009999990463257,249,1y,2024-01-01,,329,334
FNUC,NASDAQ,1.004447517091121,15.210000038146973,249,1y,2024-01-01,,330,335
BMRA,NASDAQ,1.0044236377498574,10.0,249,1y,2024-01-01,,331,336
KTTA,NASDAQ,1.0031860510678348,7.400000095367432,249,1y,2024-01-01,,332,337
CSTL,NASDAQ,1.0015561913562843,21.579999923706055,249,1y,2024-01-01,,333,338
DHC,NASDAQ,1.000159737886572,3.6293790340423584,249,1y,2024-01-01,,334,339
MAPS,NASDAQ,0.998229154829684,0.7200000286102295,249,1y,2024-01-01,,335,340
MAXN,NASDAQ,0.992418002083147,717.0,249,1y,2024-01-01,,336,341
AEMD,NASDAQ,0.9891859290378268,175.1999969482422,249,1y,2024-01-01,,337,342
BEAT,NASDAQ,0.9875368465539656,2.3499999046325684,249,1y,2024-01-01,,338,343
ACRV,NASDAQ,0.9865902682331305,4.920000076293945,249,1y,2024-01-01,,339,344
SPWR,NASDAQ,0.986497657165734,1.6050000190734863,249,1y,2024-01-01,,340,345
DRUG,NASDAQ,0.9852606737365702,1.4299999475479126,249,1y,2024-01-01,,341,346
CGTX,NASDAQ,0.984716690339216,1.850000023841858,249,1y,2024-01-01,,342,347
HYFT,NASDAQ,0.9838461220627998,1.7100000381469727,249,1y,2024-01-01,,343,348
DUOT,NASDAQ,0.9831704124754164,2.9000000953674316,249,1y,2024-01-01,,344,349
JZ,NASDAQ,0.982701431935748,24.18000030517578,249,1y,2024-01-01,,345,350
AMSC,NASDAQ,0.9822581305272029,11.140000343322754,249,1y,2024-01-01,,346,351
ALXO,NASDAQ,0.9804065868921734,14.890000343322754,249,1y,2024-01-01,,347,352
ABAT,NASDAQ,0.9797223107871398,4.690000057220459,249,1y,2024-01-01,,348,353
ABSI,NASDAQ,0.9796999926119085,4.199999809265137,249,1y,2024-01-01,,349,354
GDTC,NASDAQ,0.9788246079413081,4.900000095367432,179,1y,2024-01-01,,350,355
GNPX,NASDAQ,0.9781937143321199,460.0,249,1y,2024-01-01,,351,356
ISPR,NASDAQ,0.9749194269845262,12.130000114440918,186,1y,2024-01-01,,352,357
ALAR,NASDAQ,0.974323797272837,7.760000228881836,249,1y,2024-01-01,,353,358
CPOP,NASDAQ,0.9726031045036148,1.0700000524520874,249,1y,2024-01-01,,354,359
IPM,NASDAQ,0.9710162965873841,2.3399999141693115,249,1y,2024-01-01,,355,360
JFU,NASDAQ,0.9709271148359615,3.430000066757202,249,1y,2024-01-01,,356,361
HIVE,NASDAQ,0.9704239089699553,4.53000020980835,249,1y,2024-01-01,,357,362
BFRI,NASDAQ,0.9696385935571391,2.7699999809265137,249,1y,2024-01-01,,358,363
DCOY,NASDAQ,0.9686573025286238,936.0,249,1y,2024-01-01,,359,364
LVLU,NASDAQ,0.9680779919316125,27.899999618530273,249,1y,2024-01-01,,360,365
AFRM,NASDAQ,0.9676068537806987,49.13999938964844,249,1y,2024-01-01,,361,366
ITRM,NASDAQ,0.9653488556161974,1.9700000286102295,249,1y,2024-01-01,,362,367
CAN,NASDAQ,0.9645183549842469,2.309999942779541,249,1y,2024-01-01,,363,368
IMTE,NASDAQ,0.962007824583417,2.7100000381469727,249,1y,2024-01-01,,364,369
COGT,NASDAQ,0.9613458055517683,5.880000114440918,249,1y,2024-01-01,,365,370
CHNR,NASDAQ,0.9613134078294141,12.720000267028809,249,1y,2024-01-01,,366,371
HSDT,NASDAQ,0.9595979682594672,6029.25,249,1y,2024-01-01,,367,372
BTBD,NASDAQ,0.9584722062188744,2.5,249,1y,2024-01-01,,368,373
LVO,NASDAQ,0.9580636045756203,13.899999618530273,249,1y,2024-01-01,,369,374
ERNA,NASDAQ,0.957145774127156,27.0,249,1y,2024-01-01,,370,375
ATER,NASDAQ,0.9556424809154791,4.188000202178955,249,1y,2024-01-01,,371,376
BBIO,NASDAQ,0.9535822272330945,40.369998931884766,249,1y,2024-01-01,,372,377
GTEC,NASDAQ,0.9485131664402193,2.7899999618530273,249,1y,2024-01-01,,373,378
HTCO,NASDAQ,0.9469725196613114,11.75,249,1y,2024-01-01,,374,379
ACHV,NASDAQ,0.9454419183835024,4.119999885559082,249,1y,2024-01-01,,375,380
HYPR,NASDAQ,0.9452797097040477,1.1200000047683716,249,1y,2024-01-01,,376,381
LYEL,NASDAQ,0.9448316586930592,38.79999923706055,249,1y,2024-01-01,,377,382
ENVX,NASDAQ,0.9447345968829802,12.520000457763672,249,1y,2024-01-01,,378,383
CVV,NASDAQ,0.9432338404593806,4.429999828338623,249,1y,2024-01-01,,379,384
DPRO,NASDAQ,0.943094739134598,12.0,249,1y,2024-01-01,,380,385
TRAW,NASDAQ,0.9410844500749982,18.75,249,1y,2024-01-01,,381,386
EFOI,NASDAQ,0.9394443617542948,1.5099999904632568,249,1y,2024-01-01,,382,387
CRIS,NASDAQ,0.9390643741192185,12.75,249,1y,2024-01-01,,383,388
CTSO,NASDAQ,0.9379790112736375,1.1100000143051147,249,1y,2024-01-01,,384,389
HELP,NASDAQ,0.9366947854939153,15.579999923706055,249,1y,2024-01-01,,385,390
DCTH,NASDAQ,0.9355024680548403,4.159999847412109,249,1y,2024-01-01,,386,391
EH,NASDAQ,0.9349428320379543,16.799999237060547,249,1y,2024-01-01,,387,392
CABA,NASDAQ,0.9339352470802607,22.700000762939453,249,1y,2024-01-01,,388,393
BYSI,NASDAQ,0.9338618621199736,0.8999999761581421,249,1y,2024-01-01,,389,394
ALZN,NASDAQ,0.9333793076848671,80.0999984741211,249,1y,2024-01-01,,390,395
BTM,NASDAQ,0.931343307384152,22.610000610351562,249,1y,2024-01-01,,391,396
CLNN,NASDAQ,0.9306181837123005,6.0,249,1y,2024-01-01,,392,397
IMUX,NASDAQ,0.9289420634181316,1.5,249,1y,2024-01-01,,393,398
AIHS,NASDAQ,0.9286799735346983,4.099999904632568,249,1y,2024-01-01,,394,399
ATON,NASDAQ,0.9282885599801268,36.400001525878906,249,1y,2024-01-01,,395,400
CWD,NASDAQ,0.9281040911752366,25.799999237060547,155,1y,2024-01-01,,396,401
BOXL,NASDAQ,0.9271100183291763,32.099998474121094,249,1y,2024-01-01,,397,402
KPLT,NASDAQ,0.9254963274372823,10.890999794006348,249,1y,2024-01-01,,398,403
HYMC,NASDAQ,0.9215362218572701,2.450000047683716,249,1y,2024-01-01,,399,404
FAMI,NASDAQ,0.9211446156840017,14.880000114440918,249,1y,2024-01-01,,400,405
CNET,NASDAQ,0.9200078097325453,3.319999933242798,249,1y,2024-01-01,,401,406
CNVS,NASDAQ,0.9127387105804151,1.350000023841858,249,1y,2024-01-01,,402,408
DRIO,NASDAQ,0.9099776716683907,34.400001525878906,249,1y,2024-01-01,,403,409
MBIO,NASDAQ,0.9098611441861643,67.5,249,1y,2024-01-01,,404,410
GOVX,NASDAQ,0.9083117532655509,135.375,249,1y,2024-01-01,,405,412
HSAI,NASDAQ,0.9064514332966706,8.90999984741211,223,1y,2024-01-01,,406,413
AEHL,NASDAQ,0.9039839351528575,621.5999755859375,249,1y,2024-01-01,,407,414
ARQ,NASDAQ,0.9037139655259041,2.9800000190734863,249,1y,2024-01-01,,408,415
SMSI,NASDAQ,0.9036041027183151,6.639999866485596,249,1y,2024-01-01,,409,416
GNLN,NASDAQ,0.9031707037185142,4273.5,249,1y,2024-01-01,,410,417
GTBP,NASDAQ,0.9027197824726608,7.650000095367432,249,1y,2024-01-01,,411,418
FHTX,NASDAQ,0.9018691831492279,6.449999809265137,249,1y,2024-01-01,,412,419
KC,NASDAQ,0.9004883256744056,3.7799999713897705,249,1y,2024-01-01,,413,420
GCT,NASDAQ,0.9002116278241143,18.295000076293945,249,1y,2024-01-01,,414,421
GRNQ,NASDAQ,0.897440720567286,1.1799999475479126,249,1y,2024-01-01,,415,422
FEAM,NASDAQ,0.896306676700156,32.43000030517578,249,1y,2024-01-01,,416,423
COEP,NASDAQ,0.8955382070890179,15.680000305175781,249,1y,2024-01-01,,417,424
FTFT,NASDAQ,0.8954262986284246,73.19999694824219,249,1y,2024-01-01,,418,425
ADAG,NASDAQ,0.8946600761541069,1.930999994277954,249,1y,2024-01-01,,419,426
APLS,NASDAQ,0.8941779699615945,59.86000061035156,249,1y,2024-01-01,,420,427
AEVA,NASDAQ,0.8938984565395215,3.7899999618530273,249,1y,2024-01-01,,421,428
FTHM,NASDAQ,0.8926142854412452,3.5899999141693115,249,1y,2024-01-01,,422,429
CRDL,NASDAQ,0.8918031046000243,0.8429999947547913,249,1y,2024-01-01,,423,430
AIRG,NASDAQ,0.8915633359883152,3.559999942779541,249,1y,2024-01-01,,424,431
EXFY,NASDAQ,0.8912760517824797,2.4700000286102295,249,1y,2024-01-01,,425,432
ARBE,NASDAQ,0.8909586989594201,2.180000066757202,249,1y,2024-01-01,,426,433
LEXX,NASDAQ,0.8906295253313122,1.25,249,1y,2024-01-01,,427,434
GP,NASDAQ,0.8905408284742006,31.299999237060547,249,1y,2024-01-01,,428,435
IHRT,NASDAQ,0.8905067713283366,2.6700000762939453,249,1y,2024-01-01,,429,436
AVAH,NASDAQ,0.8901979962298308,2.680000066757202,249,1y,2024-01-01,,430,437
CMMB,NASDAQ,0.8897320793255408,2.0399999618530273,249,1y,2024-01-01,,431,438
ANTX,NASDAQ,0.8893951246434582,20.489999771118164,249,1y,2024-01-01,,432,439
CLIR,NASDAQ,0.8874892686207023,11.100000381469727,249,1y,2024-01-01,,433,440
AUR,NASDAQ,0.8869810403640748,4.369999885559082,249,1y,2024-01-01,,434,441
ALGS,NASDAQ,0.8831200857394196,16.600000381469727,249,1y,2024-01-01,,435,442
IMVT,NASDAQ,0.8823935010169824,42.130001068115234,249,1y,2024-01-01,,436,443
ENTX,NASDAQ,0.8814824857488112,0.6000000238418579,249,1y,2024-01-01,,437,444
DFSC,NASDAQ,0.8805610095410215,189.0,249,1y,2024-01-01,,438,445
AKTX,NASDAQ,0.8799959199831332,124.80000305175781,249,1y,2024-01-01,,439,447
INVZ,NASDAQ,0.8789842408004658,2.5299999713897705,249,1y,2024-01-01,,440,448
GOCO,NASDAQ,0.8782666488459003,13.34000015258789,249,1y,2024-01-01,,441,449
BDSX,NASDAQ,0.8780816352271157,36.79999923706055,249,1y,2024-01-01,,442,450
AYTU,NASDAQ,0.8776955614350275,2.8399999141693115,249,1y,2024-01-01,,443,451
COIN,NASDAQ,0.877578074157484,173.9199981689453,249,1y,2024-01-01,,444,452
CDXS,NASDAQ,0.8736363898128813,3.049999952316284,249,1y,2024-01-01,,445,453
GLUE,NASDAQ,0.873528790627379,5.650000095367432,249,1y,2024-01-01,,446,454
ACB,NASDAQ,0.8734962910368459,4.760000228881836,249,1y,2024-01-01,,447,455
AISP,NASDAQ,0.8730183883823723,1.7000000476837158,249,1y,2024-01-01,,448,456
BNBX,NASDAQ,0.869853129693458,9300.0,249,1y,2024-01-01,,449,457
ABLV,NASDAQ,0.8688158313000955,2.700000047683716,249,1y,2024-01-01,,450,458
EKSO,NASDAQ,0.8680080074189873,37.5,249,1y,2024-01-01,,451,459
JSPR,NASDAQ,0.8679482590365418,7.889999866485596,249,1y,2024-01-01,,452,460
AEHR,NASDAQ,0.8678798818799821,26.530000686645508,249,1y,2024-01-01,,453,461
BRTX,NASDAQ,0.8662356995844466,1.73989999294281,249,1y,2024-01-01,,454,462
CRBU,NASDAQ,0.8653230275578433,5.730000019073486,249,1y,2024-01-01,,455,463
DWSN,NASDAQ,0.864595606096583,1.5626027584075928,249,1y,2024-01-01,,456,464
ILAG,NASDAQ,0.8644211881459065,7.25,249,1y,2024-01-01,,457,465
KPTI,NASDAQ,0.8636410919097538,12.975000381469727,249,1y,2024-01-01,,458,466
KINS,NASDAQ,0.860430588255723,2.109266519546509,249,1y,2024-01-01,,459,467
EVGO,NASDAQ,0.8597707812535209,3.5799999237060547,249,1y,2024-01-01,,460,468
ELDN,NASDAQ,0.8596488849271892,1.7999999523162842,249,1y,2024-01-01,,461,469
KZIA,NASDAQ,0.8538636798031277,22.0,249,1y,2024-01-01,,462,471
BNGO,NASDAQ,0.8535255283566613,113.4000015258789,249,1y,2024-01-01,,463,472
ASMB,NASDAQ,0.8526614040401351,9.84000015258789,249,1y,2024-01-01,,464,473
EHTH,NASDAQ,0.8506111748500345,8.720000267028809,249,1y,2024-01-01,,465,474
CRVO,NASDAQ,0.849578847665446,7.630000114440918,249,1y,2024-01-01,,466,475
APPS,NASDAQ,0.8494664565904607,6.860000133514404,249,1y,2024-01-01,,467,476
ASTS,NASDAQ,0.8481634419931452,6.03000020980835,249,1y,2024-01-01,,468,477
CDNA,NASDAQ,0.8477294976640758,12.0,249,1y,2024-01-01,,469,478
INO,NASDAQ,0.8476583223385709,6.119999885559082,249,1y,2024-01-01,,470,479
ECOR,NASDAQ,0.8466531403840203,5.952000141143799,249,1y,2024-01-01,,471,480
MBRX,NASDAQ,0.8465221023478446,321.75,249,1y,2024-01-01,,472,481
CCLD,NASDAQ,0.8459834589193507,1.5199999809265137,249,1y,2024-01-01,,473,482
CHR,NASDAQ,0.8445458100067609,157.0,249,1y,2024-01-01,,474,483
VSA,NASDAQ,0.8436424587611889,52.5,249,1y,2024-01-01,,475,484
CODX,NASDAQ,0.8424546743775495,39.900001525878906,249,1y,2024-01-01,,476,485
MASS,NASDAQ,0.842387936661439,11.220000267028809,249,1y,2024-01-01,,477,486
IOVA,NASDAQ,0.8422335669090343,8.130000114440918,249,1y,2024-01-01,,478,487
BOF,NASDAQ,0.8418401912158346,1.2100000381469727,135,1y,2024-01-01,,479,488
CLYM,NASDAQ,0.8412284250053098,2.700000047683716,249,1y,2024-01-01,,480,489
CREX,NASDAQ,0.8411313746374817,2.359999895095825,249,1y,2024-01-01,,481,490
KUST,NASDAQ,0.8402611876030406,12720.0,249,1y,2024-01-01,,482,492
ENLV,NASDAQ,0.8402475721364812,2.700000047683716,249,1y,2024-01-01,,483,493
CRDO,NASDAQ,0.8381941222102596,19.469999313354492,249,1y,2024-01-01,,484,494
FOSL,NASDAQ,0.8360819177312371,1.4600000381469727,249,1y,2024-01-01,,485,495
JG,NASDAQ,0.8339192976264526,2.8499999046325684,249,1y,2024-01-01,,486,496
MREO,NASDAQ,0.8294199933533641,2.309999942779541,249,1y,2024-01-01,,487,497
JF,NASDAQ,0.8292404813593258,1.1100000143051147,249,1y,2024-01-01,,488,498
LXRX,NASDAQ,0.8283433981411371,1.5299999713897705,249,1y,2024-01-01,,489,499
LPCN,NASDAQ,0.8278340993555474,2.7899999618530273,249,1y,2024-01-01,,490,500
FRSX,NASDAQ,0.8270181676465699,21.6299991607666,249,1y,2024-01-01,,491,501
ARQT,NASDAQ,0.8270074599415892,3.2300000190734863,249,1y,2024-01-01,,492,502
CRDF,NASDAQ,0.8263513584387411,1.4800000190734863,249,1y,2024-01-01,,493,503
INDP,NASDAQ,0.8256382348247417,49.279998779296875,249,1y,2024-01-01,,494,504
DNTH,NASDAQ,0.8231800759659383,10.399999618530273,249,1y,2024-01-01,,495,505
EVGN,NASDAQ,0.8226108848643635,8.399999618530273,249,1y,2024-01-01,,496,506
LRMR,NASDAQ,0.8222251908171524,4.550000190734863,249,1y,2024-01-01,,497,507
FARM,NASDAQ,0.8208816155639359,3.059999942779541,249,1y,2024-01-01,,498,508
CLRO,NASDAQ,0.818407863475483,11.105661392211914,249,1y,2024-01-01,,499,509
HNST,NASDAQ,0.8171492806221131,3.299999952316284,249,1y,2024-01-01,,500,510
CVNA,NYSE,1.42246042707952,52.939998626708984,249,1y,2024-01-01,,1,126
HKD,NYSE,1.3993191234677396,4.170000076293945,249,1y,2024-01-01,,2,136
QXO,NYSE,1.3990229632864635,114.03409576416016,249,1y,2024-01-01,,3,137
MCB,NYSE,1.0681861466290916,55.0179328918457,249,1y,2024-01-01,,4,291
NRGV,NYSE,1.0248709315743942,2.3299999237060547,249,1y,2024-01-01,,5,322
EVTL,NYSE,0.9193679135098098,6.880000114440918,249,1y,2024-01-01,,6,407
WBX,NYSE,0.9096783529867889,1.75,249,1y,2024-01-01,,7,411
DNA,NYSE,0.880345527822125,67.5999984741211,249,1y,2024-01-01,,8,446
EBS,NYSE,0.8546541632539297,2.4000000953674316,249,1y,2024-01-01,,9,470
CTEV,NYSE,0.8409333276520597,57.599998474121094,249,1y,2024-01-01,,10,491
IH,NYSE,0.7333061299977146,2.750882148742676,249,1y,2024-01-01,,11,511
DBI,NYSE,0.7253286341116741,8.110799789428711,249,1y,2024-01-01,,12,512
RERE,NYSE,0.7047640439099431,1.9199999570846558,249,1y,2024-01-01,,13,513
TAL,NYSE,0.6619383388913355,12.630000114440918,249,1y,2024-01-01,,14,514
RCUS,NYSE,0.6302573109735579,19.100000381469727,249,1y,2024-01-01,,15,515
WEAV,NYSE,0.6247484445912641,11.470000267028809,249,1y,2024-01-01,,16,516
RSI,NYSE,0.622635823960408,4.489999771118164,249,1y,2024-01-01,,17,517
YPF,NYSE,0.6183150815506695,17.190000534057617,249,1y,2024-01-01,,18,518
NGL,NYSE,0.6172025920372028,5.570000171661377,249,1y,2024-01-01,,19,519
CTDD,NYSE,0.6136564547903038,8.039334297180176,249,1y,2024-01-01,,20,520
GTN,NYSE,0.5864748112281746,7.691628932952881,249,1y,2024-01-01,,21,521
VSCO,NYSE,0.5837524006890389,26.540000915527344,249,1y,2024-01-01,,22,522
WRBY,NYSE,0.5546520099483535,14.100000381469727,249,1y,2024-01-01,,23,523
ODV,NYSE,0.5241782374483971,2.9100000858306885,249,1y,2024-01-01,,24,524
BDN,NYSE,0.5007331701819782,4.1349005699157715,249,1y,2024-01-01,,25,525
RH,NYSE,0.49964997622832236,291.4800109863281,249,1y,2024-01-01,,26,526
GBTG,NYSE,0.49136837503005426,6.449999809265137,249,1y,2024-01-01,,27,527
CRK,NYSE,0.48977252750789535,8.850000381469727,249,1y,2024-01-01,,28,528
RKT,NYSE,0.48896306449527305,13.702549934387207,249,1y,2024-01-01,,29,529
GHG,NYSE,0.48245777532461304,3.6435914039611816,249,1y,2024-01-01,,30,530
HY,NYSE,0.4786647420673494,58.04737854003906,249,1y,2024-01-01,,31,531
ELAN,NYSE,0.46801536795828746,14.899999618530273,249,1y,2024-01-01,,32,532
RMAX,NYSE,0.46544808939444204,13.329999923706055,249,1y,2024-01-01,,33,533
VTS,NYSE,0.4566783358244954,17.872394561767578,244,1y,2024-01-01,,34,534
GBCI,NYSE,0.4419906804413928,38.86337661743164,249,1y,2024-01-01,,35,535
WCC,NYSE,0.43634388136814733,170.3031768798828,249,1y,2024-01-01,,36,536
TFC,NYSE,0.4344147141541389,33.07872772216797,249,1y,2024-01-01,,37,537
RES,NYSE,0.4331551134541742,6.836631774902344,249,1y,2024-01-01,,38,538
PRSU,NYSE,0.4318193012066334,36.20000076293945,249,1y,2024-01-01,,39,539
KRC,NYSE,0.42620078043929377,35.370880126953125,249,1y,2024-01-01,,40,540
WBS,NYSE,0.4226821694142463,47.43708419799805,249,1y,2024-01-01,,41,541
PNFP,NYSE,0.4196998106038403,85.10417175292969,249,1y,2024-01-01,,42,542
PVH,NYSE,0.4133302898505666,121.65431213378906,249,1y,2024-01-01,,43,543
ONTO,NYSE,0.4130974838221855,152.89999389648438,249,1y,2024-01-01,,44,544
FC,NYSE,0.40997095881776885,43.529998779296875,249,1y,2024-01-01,,45,545
RNGR,NYSE,0.40155946505325846,9.83292293548584,249,1y,2024-01-01,,46,546
ASBA,NYSE,0.4005122414011657,18.709623336791992,208,1y,2024-01-01,,47,547
CVI,NYSE,0.40023559154419847,28.779306411743164,249,1y,2024-01-01,,48,548
IIPR,NYSE,0.399550038269563,81.23395538330078,249,1y,2024-01-01,,49,549
PAAS,NYSE,0.3971484433596191,15.788772583007812,249,1y,2024-01-01,,50,550
NOA,NYSE,0.39650230932782055,20.218626022338867,249,1y,2024-01-01,,51,551
WNC,NYSE,0.39447392767221934,24.37534523010254,249,1y,2024-01-01,,52,552
DV,NYSE,0.3890017502464435,36.779998779296875,249,1y,2024-01-01,,53,553
AN,NYSE,0.3830065321249347,150.17999267578125,249,1y,2024-01-01,,54,554
NC,NYSE,0.38044655051052695,34.40361785888672,249,1y,2024-01-01,,55,555
VTOL,NYSE,0.37169381052072303,28.187801361083984,249,1y,2024-01-01,,56,556
AXR,NYSE,0.3681486862780964,21.969999313354492,249,1y,2024-01-01,,57,557
KGC,NYSE,0.36427984294842336,5.911637783050537,249,1y,2024-01-01,,58,558
UBER,NYSE,0.35924553380186075,61.56999969482422,249,1y,2024-01-01,,59,559
SLVM,NYSE,0.3583647659491146,46.01483917236328,249,1y,2024-01-01,,60,560
CXW,NYSE,0.35644256190866563,14.529999732971191,249,1y,2024-01-01,,61,561
GFF,NYSE,0.3551190225522085,59.63459777832031,249,1y,2024-01-01,,62,562
FCX,NYSE,0.35330807564982974,41.302616119384766,249,1y,2024-01-01,,63,563
TLYS,NYSE,0.3503215284620652,7.539999961853027,249,1y,2024-01-01,,64,564
ATI,NYSE,0.34955861046878733,45.470001220703125,249,1y,2024-01-01,,65,565
FBP,NYSE,0.3383060603113134,15.354589462280273,249,1y,2024-01-01,,66,566
TPH,NYSE,0.33792798974910226,35.400001525878906,249,1y,2024-01-01,,67,567
STM,NYSE,0.33759352624161454,48.817630767822266,249,1y,2024-01-01,,68,568
LZB,NYSE,0.3370146755691222,35.12553405761719,249,1y,2024-01-01,,69,569
ENS,NYSE,0.335141268408315,98.89603424072266,249,1y,2024-01-01,,70,570
PUK,NYSE,0.33436604688444155,21.207603454589844,249,1y,2024-01-01,,71,571
TFII,NYSE,0.3337167299441117,132.9741668701172,249,1y,2024-01-01,,72,572
IDT,NYSE,0.3329687265599938,33.72676086425781,249,1y,2024-01-01,,73,573
TWO,NYSE,0.33106159234252147,10.190385818481445,249,1y,2024-01-01,,74,574
APTV,NYSE,0.3302797297785049,89.72000122070312,249,1y,2024-01-01,,75,575
HVT,NYSE,0.329595288830975,31.540239334106445,249,1y,2024-01-01,,76,576
AVTR,NYSE,0.32458260221284957,22.829999923706055,249,1y,2024-01-01,,77,577
UGI,NYSE,0.3185764779135015,21.96542739868164,249,1y,2024-01-01,,78,578
UNM,NYSE,0.31505434032109014,42.66693115234375,249,1y,2024-01-01,,79,579
ARR,NYSE,0.31468578805735764,13.444074630737305,249,1y,2024-01-01,,80,580
BIPI,NYSE,0.31255294076372636,15.939846992492676,249,1y,2024-01-01,,81,581
GPN,NYSE,0.3110600494408944,123.97237396240234,249,1y,2024-01-01,,82,582
MTX,NYSE,0.31098179398725084,70.29178619384766,249,1y,2024-01-01,,83,583
VRE,NYSE,0.31034041109252203,15.154959678649902,249,1y,2024-01-01,,84,584
CQP,NYSE,0.30939299635020756,43.168373107910156,249,1y,2024-01-01,,85,585
EPAC,NYSE,0.3089514203787611,31.030208587646484,249,1y,2024-01-01,,86,586
PAG,NYSE,0.30877247197755614,150.3044891357422,249,1y,2024-01-01,,87,587
RPC,NYSE,0.3084503929551128,9.893610000610352,249,1y,2024-01-01,,88,588
BEPH,NYSE,0.30138656248824586,13.260475158691406,249,1y,2024-01-01,,89,589
NOMD,NYSE,0.29858346901399924,15.489389419555664,249,1y,2024-01-01,,90,590
PII,NYSE,0.29804666163532706,85.91670989990234,249,1y,2024-01-01,,91,591
CTS,NYSE,0.2968674365470526,43.39888381958008,249,1y,2024-01-01,,92,592
VPG,NYSE,0.2965214424260142,34.06999969482422,249,1y,2024-01-01,,93,593
RBC,NYSE,0.2917339612249269,284.8900146484375,249,1y,2024-01-01,,94,594
ZWS,NYSE,0.2908013854382097,28.7884578704834,249,1y,2024-01-01,,95,595
YELP,NYSE,0.2907411865341534,47.34000015258789,249,1y,2024-01-01,,96,596
HPE,NYSE,0.2863044077008016,15.995859146118164,249,1y,2024-01-01,,97,597
EVR,NYSE,0.28579653268129523,166.1936798095703,249,1y,2024-01-01,,98,598
TNC,NYSE,0.2854221573520303,89.80455780029297,249,1y,2024-01-01,,99,599
COP,NYSE,0.2846772506442541,108.28990173339844,249,1y,2024-01-01,,100,600
PSX,NYSE,0.2842273561113901,123.24114990234375,249,1y,2024-01-01,,101,601
RPM,NYSE,0.28260178177098466,107.29972076416016,249,1y,2024-01-01,,102,602
RJF,NYSE,0.28168304686708895,108.50462341308594,249,1y,2024-01-01,,103,603
SXI,NYSE,0.27928851360232015,155.9894561767578,249,1y,2024-01-01,,104,604
FLS,NYSE,0.27780131275740955,39.81257629394531,249,1y,2024-01-01,,105,605
KRG,NYSE,0.27691223311951735,20.430936813354492,249,1y,2024-01-01,,106,606
REXR,NYSE,0.27538300289995626,51.71518325805664,249,1y,2024-01-01,,107,607
PWR,NYSE,0.2749017703774568,215.2699737548828,249,1y,2024-01-01,,108,608
WEX,NYSE,0.274178896170421,194.5500030517578,249,1y,2024-01-01,,109,609
FNV,NYSE,0.2719975593322562,108.76051330566406,249,1y,2024-01-01,,110,610
ESI,NYSE,0.27182215060985376,22.503219604492188,249,1y,2024-01-01,,111,611
LEN,NYSE,0.27139141846552267,139.43301391601562,249,1y,2024-01-01,,112,612
RIO,NYSE,0.2694402819133377,63.66859436035156,249,1y,2024-01-01,,113,613
VOYA,NYSE,0.2656907935458745,68.9928970336914,249,1y,2024-01-01,,114,614
R,NYSE,0.2594586139147415,109.69080352783203,249,1y,2024-01-01,,115,615
HFRO,NYSE,0.25634037071946786,6.426591396331787,249,1y,2024-01-01,,116,616
CTVA,NYSE,0.2562460272412076,46.78434371948242,249,1y,2024-01-01,,117,617
ARW,NYSE,0.2556542359753566,122.25,249,1y,2024-01-01,,118,618
GWW,NYSE,0.2547297704969533,813.3135375976562,249,1y,2024-01-01,,119,619
APD,NYSE,0.2533690085475161,259.7738952636719,249,1y,2024-01-01,,120,620
GPC,NYSE,0.2532735063489391,129.1756134033203,249,1y,2024-01-01,,121,621
WPP,NYSE,0.2527806191028747,42.570579528808594,249,1y,2024-01-01,,122,622
GGG,NYSE,0.25196365886245997,84.32339477539062,249,1y,2024-01-01,,123,623
KEX,NYSE,0.2499205232368769,78.4800033569336,249,1y,2024-01-01,,124,624
ZTS,NYSE,0.2486948369442422,192.05126953125,249,1y,2024-01-01,,125,625
SWX,NYSE,0.24805403958339525,58.74649429321289,249,1y,2024-01-01,,126,626
RGA,NYSE,0.24760432739588178,155.38087463378906,249,1y,2024-01-01,,127,627
NTST,NYSE,0.24695106113660206,15.970065116882324,249,1y,2024-01-01,,128,628
VVV,NYSE,0.2469306243046883,37.58000183105469,249,1y,2024-01-01,,129,629
EPR,NYSE,0.24639564971906402,41.49820327758789,249,1y,2024-01-01,,130,630
ASH,NYSE,0.24599103177404014,79.82965850830078,249,1y,2024-01-01,,131,631
IFS,NYSE,0.24447482421756092,20.322004318237305,249,1y,2024-01-01,,132,632
UDR,NYSE,0.24413618228537537,34.7284049987793,249,1y,2024-01-01,,133,633
HMN,NYSE,0.24259075428845436,30.23821449279785,249,1y,2024-01-01,,134,634
ELV,NYSE,0.24239792791641487,453.6773376464844,249,1y,2024-01-01,,135,635
RLI,NYSE,0.2422360250341773,61.86028289794922,249,1y,2024-01-01,,136,636
HEI,NYSE,0.2416403263511105,178.4682159423828,249,1y,2024-01-01,,137,637
DD,NYSE,0.2397022913652135,30.784006118774414,249,1y,2024-01-01,,138,638
EMA,NYSE,0.23872633851433891,33.9071159362793,249,1y,2024-01-01,,139,639
TPTA,NYSE,0.23773789410315185,15.141940116882324,249,1y,2024-01-01,,140,640
SRV,NYSE,0.23438387264867716,23.900062561035156,249,1y,2024-01-01,,141,641
HGLB,NYSE,0.23406795324817836,5.933255195617676,249,1y,2024-01-01,,142,642
INVH,NYSE,0.23403431562684057,31.377798080444336,249,1y,2024-01-01,,143,643
GOF,NYSE,0.23342803233003284,9.095757484436035,249,1y,2024-01-01,,144,644
HDB,NYSE,0.23314661380230964,32.762325286865234,249,1y,2024-01-01,,145,645
SYK,NYSE,0.23290605549372131,294.00384521484375,249,1y,2024-01-01,,146,646
NPK,NYSE,0.23084669264036112,74.4293441772461,249,1y,2024-01-01,,147,647
RITM,NYSE,0.2306984480224987,8.916607856750488,249,1y,2024-01-01,,148,648
NVR,NYSE,0.23058545905018868,7000.4501953125,249,1y,2024-01-01,,149,649
MGRB,NYSE,0.22681641088404284,16.3538761138916,249,1y,2024-01-01,,150,650
WPC,NYSE,0.22580328533965324,57.5910758972168,249,1y,2024-01-01,,151,651
NOC,NYSE,0.22562489241854142,451.0934753417969,249,1y,2024-01-01,,152,652
PYT,NYSE,0.22527195982330314,19.638246536254883,249,1y,2024-01-01,,153,653
HESM,NYSE,0.22492709798124566,26.565176010131836,249,1y,2024-01-01,,154,654
LYB,NYSE,0.22434019814242478,80.85499572753906,249,1y,2024-01-01,,155,655
TDG,NYSE,0.22430735644890928,896.4923706054688,249,1y,2024-01-01,,156,656
EIX,NYSE,0.22316948408008028,64.49334716796875,249,1y,2024-01-01,,157,657
HWM,NYSE,0.2231405658648886,53.78127670288086,249,1y,2024-01-01,,158,658
HMC,NYSE,0.22245961270158884,28.949481964111328,249,1y,2024-01-01,,159,659
CPAC,NYSE,0.2222350750995864,4.708522796630859,249,1y,2024-01-01,,160,660
FLO,NYSE,0.22171808461405773,19.63389015197754,249,1y,2024-01-01,,161,661
GATX,NYSE,0.22110308760799713,116.04354095458984,249,1y,2024-01-01,,162,662
SPGI,NYSE,0.22066136954478952,432.90179443359375,249,1y,2024-01-01,,163,663
RCI,NYSE,0.21802759357445264,43.11479568481445,249,1y,2024-01-01,,164,664
IHG,NYSE,0.2176519745195512,87.41118621826172,249,1y,2024-01-01,,165,665
UVV,NYSE,0.2131135542972816,58.65725326538086,249,1y,2024-01-01,,166,666
RACE,NYSE,0.2123045384871374,333.6142578125,249,1y,2024-01-01,,167,667
TEL,NYSE,0.21196660616815388,136.04165649414062,249,1y,2024-01-01,,168,668
OIA,NYSE,0.20814527112883235,5.594204425811768,249,1y,2024-01-01,,169,669
PSTL,NYSE,0.19894416891814176,12.514796257019043,249,1y,2024-01-01,,170,670
NDMO,NYSE,0.1967836974330514,8.754222869873047,249,1y,2024-01-01,,171,671
BR,NYSE,0.1953921797360142,198.2509765625,249,1y,2024-01-01,,172,672
NGG,NYSE,0.1913958839860283,57.65434646606445,249,1y,2024-01-01,,173,673
ATO,NYSE,0.18790259026354159,109.80844116210938,249,1y,2024-01-01,,174,674
PSF,NYSE,0.18523581830544983,15.944631576538086,249,1y,2024-01-01,,175,675
WCN,NYSE,0.18247825723457187,147.220458984375,249,1y,2024-01-01,,176,676
GIB,NYSE,0.18041869937598662,106.60047149658203,249,1y,2024-01-01,,177,677
QGEN,NYSE,0.1802866825759453,43.24738311767578,249,1y,2024-01-01,,178,678
TSLX,NYSE,0.18019300630113894,17.423974990844727,249,1y,2024-01-01,,179,679
ATR,NYSE,0.1795972433220872,120.19989013671875,249,1y,2024-01-01,,180,680
NNI,NYSE,0.17753490198040306,86.18580627441406,249,1y,2024-01-01,,181,681
ENJ,NYSE,0.17445120703519673,19.036195755004883,249,1y,2024-01-01,,182,682
RMI,NYSE,0.17398608833988038,12.873685836791992,249,1y,2024-01-01,,183,683
KMI,NYSE,0.1737039866370237,15.80632209777832,249,1y,2024-01-01,,184,684
HSY,NYSE,0.17247658338848013,174.23947143554688,249,1y,2024-01-01,,185,685
NMCO,NYSE,0.1695126532841725,8.46650505065918,249,1y,2024-01-01,,186,686
JNJ,NYSE,0.1652233329762231,146.637939453125,249,1y,2024-01-01,,187,687
HTFC,NYSE,0.1627262156691032,21.20860481262207,249,1y,2024-01-01,,188,688
RMM,NYSE,0.16057130881969064,11.989151954650879,249,1y,2024-01-01,,189,689
GUG,NYSE,0.14831019458081973,11.882465362548828,249,1y,2024-01-01,,190,690
GRX,NYSE,0.14556790631842761,8.063034057617188,249,1y,2024-01-01,,191,691
RFM,NYSE,0.14404160465717147,13.082493782043457,249,1y,2024-01-01,,192,692
RIV,NYSE,0.1412124987262223,7.9865641593933105,249,1y,2024-01-01,,193,693
ETV,NYSE,0.1353030269694383,10.146659851074219,249,1y,2024-01-01,,194,694
DBL,NYSE,0.13130977098072022,12.649908065795898,249,1y,2024-01-01,,195,695
NKX,NYSE,0.13124002227137435,9.899446487426758,249,1y,2024-01-01,,196,696
NPCT,NYSE,0.12843520380460122,7.67526912689209,249,1y,2024-01-01,,197,697
WDI,NYSE,0.12578244128203508,10.71557331085205,249,1y,2024-01-01,,198,698
GJT,NYSE,0.12558561612851543,19.47791862487793,249,1y,2024-01-01,,199,699
MYI,NYSE,0.12382293391436691,10.154831886291504,249,1y,2024-01-01,,200,700
PRS,NYSE,0.11942265552911747,21.90992546081543,249,1y,2024-01-01,,201,701
IGA,NYSE,0.11625761463080772,6.792792320251465,249,1y,2024-01-01,,202,702
JQC,NYSE,0.11510159282672762,3.990865707397461,249,1y,2024-01-01,,203,703
IIF,NYSE,0.11177586052592459,18.055953979492188,249,1y,2024-01-01,,204,704
NOM,NYSE,0.10460593981461748,8.62508773803711,249,1y,2024-01-01,,205,705
RCB,NYSE,0.10014885275787422,21.289321899414062,249,1y,2024-01-01,,206,706
NAZ,NYSE,0.09655957745181264,9.224501609802246,249,1y,2024-01-01,,207,707
JHS,NYSE,0.09375974068332464,9.715495109558105,249,1y,2024-01-01,,208,708
ETX,NYSE,0.0919036165819356,15.472073554992676,249,1y,2024-01-01,,209,709
DDT,NYSE,0.08457271242536951,21.864545822143555,249,1y,2024-01-01,,210,710
